{
  "angle_min": 0.0,  
  "angle_max": 6.28319,
  "angle_increment": 0.0174533,
  "range_min": 0.12,
  "range_max": 3.5,
  "ranges": [
    0.5,0.52,0.48,0.51,0.53,0.5,0.52,0.49,0.51,0.5,
    1.0,1.05,1.02,1.0,1.01,1.03,1.0,1.02,1.01,1.0,
    1.2,1.25,1.22,1.2,1.21,1.23,1.2,1.22,1.21,1.2,
    1.5,1.52,1.5,1.53,1.51,1.5,1.52,1.51,1.53,1.5,
    1.8,1.85,1.82,1.8,1.81,1.83,1.8,1.82,1.81,1.8,
    2.0,2.02,2.01,2.0,2.01,2.02,2.0,2.01,2.02,2.0,
    1.5,1.52,1.5,1.53,1.51,1.5,1.52,1.51,1.53,1.5,
    1.2,1.25,1.22,1.2,1.21,1.23,1.2,1.22,1.21,1.2,
    1.0,1.05,1.02,1.0,1.01,1.03,1.0,1.02,1.01,1.0,
    0.5,0.52,0.48,0.51,0.53,0.5,0.52,0.49,0.51,0.5,
    1.0,1.05,1.02,1.0,1.01,1.03,1.0,1.02,1.01,1.0,
    1.2,1.25,1.22,1.2,1.21,1.23,1.2,1.22,1.21,1.2,
    1.5,1.52,1.5,1.53,1.51,1.5,1.52,1.51,1.53,1.5,
    1.8,1.85,1.82,1.8,1.81,1.83,1.8,1.82,1.81,1.8,
    2.0,2.02,2.01,2.0,2.01,2.02,2.0,2.01,2.02,2.0,
    1.5,1.52,1.5,1.53,1.51,1.5,1.52,1.51,1.53,1.5,
    1.2,1.25,1.22,1.2,1.21,1.23,1.2,1.22,1.21,1.2,
    1.0,1.05,1.02,1.0,1.01,1.03,1.0,1.02,1.01,1.0,
    0.5,0.52,0.48,0.51,0.53,0.5,0.52,0.49,0.51,0.5,
    1.0,1.05,1.02,1.0,1.01,1.03,1.0,1.02,1.01,1.0,
    1.2,1.25,1.22,1.2,1.21,1.23,1.2,1.22,1.21,1.2,
    1.5,1.52,1.5,1.53,1.51,1.5,1.52,1.51,1.53,1.5,
    1.8,1.85,1.82,1.8,1.81,1.83,1.8,1.82,1.81,1.8,
    2.0,2.02,2.01,2.0,2.01,2.02,2.0,2.01,2.02,2.0,
    1.5,1.52,1.5,1.53,1.51,1.5,1.52,1.51,1.53,1.5,
    1.2,1.25,1.22,1.2,1.21,1.23,1.2,1.22,1.21,1.2,
    1.0,1.05,1.02,1.0,1.01,1.03,1.0,1.02,1.01,1.0,
    0.5,0.52,0.48,0.51,0.53,0.5,0.52,0.49,0.51,0.5,
    1.0,1.05,1.02,1.0,1.01,1.03,1.0,1.02,1.01,1.0,
    1.2,1.25,1.22,1.2,1.21,1.23,1.2,1.22,1.21,1.2,
    1.5,1.52,1.5,1.53,1.51,1.5,1.52,1.51,1.53,1.5,
    1.8,1.85,1.82,1.8,1.81,1.83,1.8,1.82,1.81,1.8
  ],
  "intensities": [],
  "frame_id": "laser",
  "timestamp": 1732512345.1234567
}
